,Game_Title,All_Time_Sales,Weeks_Out,Weekly_Sales,Genre,Console,Publisher
0,.hack//G.U. Last Recode ,86008,1,86008.0,Role-Playing,PS4,Namco Bandai Games
1,1-2-Switch ,1927365,62,32010.285714285714,Party,NS,Nintendo
2,A Way Out ,186767,4,46691.75,Action,PS4,Electronic Arts
3,A Way Out ,42659,1,42659.0,Action,XOne,Electronic Arts
4,ABZU ,24841,1,24841.0,Adventure,PS4,505 Games
5,ARK: Survival Evolved ,270351,10,47038.25,Action,PS4,Studio Wildcard
6,ARK: Survival Evolved ,24299,1,24299.0,Action-Adventure,XOne,Studio Wildcard
7,Accel World vs. Sword Art Online: Millennium Twilight ,30941,1,30941.0,Action,PS4,Namco Bandai Games
8,Accel World vs. Sword Art Online: Millennium Twilight ,35486,1,35486.0,Action,PSV,Namco Bandai Games
9,Agents of Mayhem ,42475,1,42475.0,Action,PS4,Deep Silver
10,Agents of Mayhem ,24584,1,24584.0,Action,XOne,Deep Silver
11,Akiba's Beat ,27914,23,16362.0,Action,PS4,PQube
12,Akiba's Beat ,15144,1,15144.0,Action,PSV,PQube
13,Animal Crossing: New Leaf ,9743459,218,26383.0,Simulation,3DS,Nintendo
14,Arms ,1506781,31,65067.933333333334,Fighting,NS,Nintendo
15,Assassin's Creed Odyssey ,3176082,13,244314.0,Action-Adventure,PS4,Ubisoft
16,Assassin's Creed Odyssey ,1388057,13,118161.55555555556,Action-Adventure,XOne,Ubisoft
17,Assassin's Creed Origins ,3827137,39,107629.62857142858,Action,PS4,Ubisoft
18,Assassin's Creed Origins ,2024821,14,144630.07142857142,Action,XOne,Ubisoft
19,Assassin's Creed Rogue Remastered ,48234,1,48234.0,Action-Adventure,PS4,Ubisoft
20,Astro Bot Rescue Mission ,356466,8,100512.5,Platform,PS4,Sony Interactive Entertainment
21,Attack on Titan 2 ,56730,2,28365.0,Action,NS,Tecmo Koei
22,Attack on Titan 2 ,74488,2,37244.0,Action,PS4,Tecmo Koei
23,Battlefield 1 ,6810415,44,27952.39285714286,Shooter,PS4,Electronic Arts
24,Battlefield 1 ,4581966,25,27095.25,Shooter,XOne,Electronic Arts
25,Battlefield V ,2224270,6,370711.6666666667,Shooter,PS4,Electronic Arts
26,Battlefield V ,1547325,6,257887.5,Shooter,XOne,Electronic Arts
27,Bayonetta 2 ,305517,5,61103.4,Action,NS,Nintendo
28,Berserk and the Band of the Hawk ,101148,18,48202.0,Action,PS4,Tecmo Koei
29,Blade Strangers ,18210,1,18210.0,Fighting,NS,Nicalis
30,BlazBlue: Cross Tag Battle ,21662,2,16891.0,Fighting,NS,Arc System Works
31,BlazBlue: Cross Tag Battle ,34915,2,22238.0,Fighting,PS4,Arc System Works
32,Blue Reflection: Maboroshi ni Mau - Shoujo no Ken ,32218,1,32218.0,Role-Playing,PS4,Tecmo Koei
33,Bravo Team VR ,76692,1,76692.0,Shooter,PS4,Sony Interactive Entertainment
34,Burnout Paradise Remastered ,116383,2,58191.5,Racing,PS4,Electronic Arts
35,Burnout Paradise Remastered ,22226,1,22226.0,Racing,XOne,Electronic Arts
36,Caligula Overdose ,19321,1,19321.0,Role-Playing,PS4,FuRyu Corporation
37,Call of Cthulhu ,41010,1,41010.0,Role-Playing,PS4,Focus Home Interactive
38,Call of Duty: Black Ops IIII ,64376,1,64376.0,Shooter,PC,Activision
39,Call of Duty: Black Ops IIII ,9317241,12,776436.75,Shooter,PS4,Activision
40,Call of Duty: Black Ops IIII ,4850704,12,404225.3333333333,Shooter,XOne,Activision
41,Call of Duty: Infinite Warfare ,7604749,45,39151.444444444445,Shooter,PS4,Activision
42,Call of Duty: Infinite Warfare ,4433400,37,31147.30769230769,Shooter,XOne,Activision
43,Call of Duty: Modern Warfare Remastered ,75798,3,25266.0,Shooter,PS4,Activision
44,Call of Duty: WWII ,67719,1,67719.0,Shooter,PC,Activision
45,Call of Duty: WWII ,13066446,43,341850.2631578947,Shooter,PS4,Activision
46,Call of Duty: WWII ,5924194,23,268322.54545454547,Shooter,XOne,Activision
47,Captain Toad: Treasure Tracker ,26923,1,26923.0,Puzzle,3DS,Nintendo
48,Captain Toad: Treasure Tracker ,502079,12,46717.5,Puzzle,NS,Nintendo
49,Cave Story+ ,29224,1,29224.0,Platform,NS,Nicalis
50,Cities: Skylines ,17600,1,17600.0,Simulation,PS4,Koch Media
51,City Shrouded in Shadow ,47752,1,47752.0,Action-Adventure,PS4,Namco Bandai Games
52,Conan Exiles ,145826,17,27127.0,Action-Adventure,PS4,Maximum Games
53,Conan Exiles ,15642,1,15642.0,Action-Adventure,XOne,Maximum Games
54,Crash Bandicoot N. Sane Trilogy ,512981,15,37462.38461538462,Platform,NS,Activision
55,Crash Bandicoot N. Sane Trilogy ,4234964,52,88095.36170212766,Platform,PS4,Activision
56,Crash Bandicoot N.Sane Trilogy ,176221,4,44055.25,Platform,XOne,Activision
57,Dark Souls III ,1905158,58,30165.5,Role-Playing,PS4,Namco Bandai Games
58,Dark Souls: Remastered ,139431,2,69715.5,Role-Playing,NS,Bandai Namco Entertainment
59,Dark Souls: Remastered ,317837,4,79459.25,Role-Playing,PS4,Bandai Namco Entertainment
60,Dark Souls: Remastered ,24098,1,24098.0,Role-Playing,XOne,Bandai Namco Entertainment
61,Darksiders III ,128698,1,128698.0,Action,PS4,THQ Nordic
62,Dead Cells ,19322,1,19322.0,Action,NS,Merge Games
63,Dead by Daylight ,21964,1,21964.0,Action,PS4,505 Games
64,Deformers ,18310,1,18310.0,Action,PS4,Ready at Dawn
65,Destiny 2 ,76888,1,76888.0,Shooter,PC,Activision
66,Destiny 2 ,3882977,55,137700.0909090909,Shooter,PS4,Activision
67,Destiny 2 ,1617925,14,135584.66666666666,Shooter,XOne,Activision
68,Destiny 2: Forsaken ,110022,3,36674.0,Shooter,PS4,Activision
69,Destiny 2: Forsaken ,28853,1,28853.0,Shooter,XOne,Activision
70,Detroit: Become Human ,1100606,18,61144.77777777778,Adventure,PS4,Sony Interactive Entertainment
71,Devil May Cry HD Collection ,43957,1,43957.0,Action,PS4,Capcom
72,DiRT 4 ,109769,3,36589.666666666664,Racing,PS4,Codemasters
73,DiRT 4 ,27469,1,27469.0,Racing,XOne,Codemasters
74,Diablo III: Eternal Collection ,251545,3,83848.33333333333,Action,NS,Activision
75,Digimon Story: Cyber Sleuth - Hacker's Memory ,80478,6,48421.0,Role-Playing,PS4,Namco Bandai Games
76,Digimon World: Next Order ,100267,2,50133.5,Role-Playing,PS4,Namco Bandai Games
77,Disgaea 5 Complete ,69717,14,25032.0,Role-Playing,NS,Nippon Ichi Software
78,Dishonored 2 ,1597589,39,17920.0,Action,PS4,Bethesda Softworks
79,Dishonored: Death of the Outsider ,74931,2,22531.0,Action,PS4,Bethesda Softworks
80,Dissidia Final Fantasy NT ,324283,5,99395.0,Fighting,PS4,Square Enix
81,Don't Starve ,25534,13,22341.0,Adventure,PS4,505 Games
82,Don't Starve ,17545,13,17545.0,Adventure,XOne,505 Games
83,Donkey Kong Country: Tropical Freeze ,1219139,24,50797.458333333336,Platform,NS,Nintendo
84,Doom ,80897,1,80897.0,Shooter,NS,Bethesda Softworks
85,Doom ,2124494,65,23358.666666666668,Shooter,PS4,Bethesda Softworks
86,Dragon Ball Fighter Z ,1082851,12,96290.18181818182,Fighting,PS4,Namco Bandai Games
87,Dragon Ball Fighter Z ,217748,3,72582.66666666667,Fighting,XOne,Namco Bandai Games
88,Dragon Ball FighterZ ,132696,2,66348.0,Fighting,NS,Bandai Namco Entertainment
89,Dragon Ball Heroes: Ultimate Mission X ,129109,2,64554.5,Misc,3DS,Namco Bandai Games
90,Dragon Ball: Fusions ,326380,29,22725.0,Role-Playing,3DS,Namco Bandai Games
91,Dragon Ball: Xenoverse 2 ,97056,4,31096.0,Action,NS,Namco Bandai Games
92,Dragon Quest Builders 2 ,117247,1,117247.0,Adventure,PS4,Square Enix
93,Dragon Quest Builders: Revive Alefgard ,104280,4,35285.0,Role-Playing,NS,Square Enix
94,Dragon Quest Heroes I & II for Nintendo Switch ,24555,1,24555.0,Role-Playing,NS,Square Enix
95,Dragon Quest Heroes II: Twin Kings and the Prophecy's End ,324566,49,24794.0,Action,PS4,Square Enix
96,Dragon Quest Monsters: Joker 3 - Professional ,117025,1,117025.0,Role-Playing,3DS,Square Enix
97,Dragon Quest VIII: Journey of the Cursed King ,982207,75,20630.0,Role-Playing,3DS,Nintendo
98,Dragon Quest VIII: Journey of the Cursed King ,961577,74,85727.0,Role-Playing,3DS,Square Enix
99,Dragon Quest XI ,1720236,6,286706.0,Role-Playing,3DS,Square Enix
100,Dragon Quest XI ,1742241,64,151952.72727272726,Role-Playing,PS4,Square Enix
101,Dragon's Dogma ,39375,1,39375.0,Role-Playing,PS4,Capcom
102,Dungeon Travelers 2-2: The Maiden Who Fell into Darkness and the Book of Beginnings ,27325,1,27325.0,Role-Playing,PSV,Aquaplus
103,Dynasty Warriors 9 ,221284,3,73761.33333333333,Action,PS4,Tecmo Koei
104,EA Sports UFC 3 ,527879,10,52787.9,Sports,PS4,Electronic Arts
105,EA Sports UFC 3 ,121487,2,60743.5,Sports,XOne,Electronic Arts
106,Earth Defense Force 5 ,108546,1,108546.0,Shooter,PS4,D3Publisher 
107,Elex ,42623,1,42623.0,Role-Playing,PS4,THQ Nordic
108,Elite: Dangerous ,26214,1,26214.0,Simulation,PS4,Frontier Developments
109,Etrian Mystery Dungeon 2 ,28843,1,28843.0,Role-Playing,3DS,Atlus
110,Etrian Odyssey X ,67875,1,67875.0,Role-Playing,3DS,Atlus
111,Ever Oasis ,73401,4,25534.5,Role-Playing,3DS,Nintendo
112,Everybody's Golf ,207584,2,103792.0,Sports,PS4,Sony Interactive Entertainment
113,Extinction ,17094,1,17094.0,Action,PS4,Maximum Games
114,F1 2017 ,270679,5,59322.0,Racing,PS4,Koch Media
115,F1 2017 ,35185,1,35185.0,Racing,XOne,Koch Media
116,F1 2018 ,267648,5,53529.6,Racing,PS4,Codemasters
117,F1 2018 ,34174,1,34174.0,Racing,XOne,Codemasters
118,FIFA 17 ,10731517,47,34846.454545454544,Sports,PS4,Electronic Arts
119,FIFA 17 ,3514622,35,19029.6,Sports,XOne,Electronic Arts
120,FIFA 18 ,969717,42,41795.833333333336,Sports,NS,Electronic Arts
121,FIFA 18 ,40936,1,40936.0,Sports,PC,Electronic Arts
122,FIFA 18 ,227715,2,113857.5,Sports,PS3,Electronic Arts
123,FIFA 18 ,11612958,45,258065.73333333334,Sports,PS4,Electronic Arts
124,FIFA 18 ,95395,2,47697.5,Sports,X360,Electronic Arts
125,FIFA 18 ,3013704,41,127140.95454545454,Sports,XOne,Electronic Arts
126,FIFA 19 ,211428,3,70476.0,Sports,NS,Electronic Arts
127,FIFA 19 ,9147505,14,653393.2142857143,Sports,PS4,Electronic Arts
128,FIFA 19 ,2223288,14,164911.38461538462,Sports,XOne,Electronic Arts
129,Fallout 4 ,8300211,140,19046.0,Role-Playing,PS4,Bethesda Softworks
130,Fallout 76 ,130169,1,130169.0,Role-Playing,PC,Bethesda Softworks
131,Fallout 76 ,981080,3,327026.6666666667,Role-Playing,PS4,Bethesda Softworks
132,Fallout 76 ,619174,3,206391.33333333334,Role-Playing,XOne,Bethesda Softworks
133,Far Cry 5 ,46816,5,46816.0,Action,PC,Ubisoft
134,Far Cry 5 ,3601442,24,155872.34782608695,Action,PS4,Ubisoft
135,Far Cry 5 ,1495155,15,99677.0,Action,XOne,Ubisoft
136,Farming Simulator 19 ,349281,1,349281.0,Simulation,PC,Focus Home Interactive
137,Farming Simulator 19 ,165389,1,165389.0,Simulation,PS4,Focus Home Interactive
138,Farpoint ,134677,6,34753.666666666664,Shooter,PS4,Sony Interactive Entertainment
139,Fate/Extella Link ,81581,1,81581.0,Action,PS4,Marvelous
140,Fate/Extella Link ,39089,1,39089.0,Action,PSV,Marvelous
141,Fate/Extella: The Umbral Star ,16706,1,16706.0,Action,NS,Xseed Games
142,Fate/Extella: The Umbral Star ,153157,11,35706.0,Action,PS4,Xseed Games
143,Fate/Extella: The Umbral Star ,120891,11,17757.0,Action,PSV,Xseed Games
144,Final Fantasy XII: The Zodiac Age ,600146,6,100024.33333333333,Role-Playing,PS4,Square Enix
145,Final Fantasy XIV: Stormblood ,27161,1,27161.0,MMO,PC,Square Enix
146,Final Fantasy XIV: Stormblood ,57083,1,57083.0,MMO,PS4,Square Enix
147,Final Fantasy XV ,4835103,67,33045.066666666666,Role-Playing,PS4,Square Enix
148,Final Fantasy XV ,825624,6,30352.0,Misc,XOne,Square Enix
149,Fire Emblem Echoes: Shadows of Valentia ,456263,9,62401.28571428572,Role-Playing,3DS,Nintendo
150,Fire Emblem Warriors ,187759,5,58493.333333333336,Action,NS,Nintendo
151,Fire Pro Wrestling World ,43564,4,19658.0,Fighting,PS4,Spike Chunsoft
152,Firewall: Zero Hour ,67936,2,33968.0,Shooter,PS4,Sony Interactive Entertainment
153,Football Manager 2019 ,30627,1,30627.0,Simulation,PC,Sega
154,For Honor ,27857,1,27857.0,Action,PC,Ubisoft
155,For Honor ,1149138,10,125602.33333333333,Action,PS4,Ubisoft
156,For Honor ,504555,6,84092.5,Action,XOne,Ubisoft
157,Fortnite ,533333,5,140591.5,Shooter,NS,Warner Bros. Interactive Entertainment
158,Fortnite ,638942,73,89870.0,Action,PS4,Gearbox Software
159,Fortnite ,769347,76,101866.0,Action,XOne,Gearbox Software
160,Fortune Street: Dragon Quest & Final Fantasy 30th Anniversary ,40919,1,40919.0,Misc,PS4,Square Enix
161,Forza Horizon 3 ,3396719,66,29144.444444444445,Racing,XOne,Microsoft Game Studios
162,Forza Horizon 3 ,3785232,95,22609.875,Racing,XOne,Microsoft Studios
163,Forza Horizon 4 ,1839995,13,141538.07692307694,Racing,XOne,Microsoft Studios
164,Forza Motorsport 7 ,1065649,13,97290.66666666667,Racing,XOne,Microsoft Studios
165,Friday the 13th: The Game ,31632,1,31632.0,Action,PS4,Gun Media
166,Gears of War 4 ,2709316,14,26076.0,Shooter,XOne,Microsoft Game Studios
167,Gears of War 4 ,2936391,31,15524.0,Shooter,XOne,Microsoft Studios
168,Gintama Ranbu ,34568,1,34568.0,Action,PS4,Namco Bandai Games
169,Gintama Ranbu ,20003,1,20003.0,Action,PSV,Namco Bandai Games
170,Girls und Panzer: Dream Tank Match ,42160,1,42160.0,Action,PS4,Namco Bandai Games
171,Go Vacation ,49456,2,24728.0,Misc,NS,Nintendo
172,God Eater 3 ,146772,1,146772.0,Role-Playing,PS4,Bandai Namco Entertainment
173,God of War ,6153527,37,182396.9090909091,Action,PS4,Sony Interactive Entertainment
174,Golf Club 2 ,23406,1,23406.0,Sports,PS4,Maximum Games
175,Gran Turismo Sport ,2876596,11,87147.0,Racing,PS4,Sony Computer Entertainment
176,Gran Turismo Sport ,3339954,36,146552.85714285713,Racing,PS4,Sony Interactive Entertainment
177,Grand Theft Auto V ,19392497,215,56197.857142857145,Action,PS4,Take-Two Interactive
178,Grand Theft Auto V ,8720682,215,32017.344262295082,Action,XOne,Take-Two Interactive
179,Gravity Rush 2 ,179667,2,89833.5,Action-Adventure,PS4,Sony Computer Entertainment
180,Great Detective Pikachu ,183707,3,61235.666666666664,Adventure,3DS,Nintendo
181,Great Phoenix Wright: Ace Attorney 2 - Naruhodou Ryuunosuke no Kakugo ,64676,1,64676.0,Adventure,3DS,Capcom
182,Guilty Gear Xrd REV 2 ,21402,1,21402.0,Fighting,PS4,PQube
183,Gundam Versus ,140218,2,70109.0,Action,PS4,Namco Bandai Games
184,Halo Wars 2 ,185985,2,92992.5,Strategy,XOne,Microsoft Game Studios
185,Harvest Moon: Light of Hope ,75769,5,29627.0,Simulation,NS,Natsume
186,Harvest Moon: Light of Hope ,18269,1,18269.0,Simulation,PS4,Natsume
187,Hello Neighbor ,20695,1,20695.0,Action,NS,Gearbox Software
188,Hello Neighbor ,43082,2,21541.0,Action,PS4,Gearbox Software
189,Hello Neighbor ,116369,1,116369.0,Action,XOne,Gearbox Software
190,Hey! Pikmin ,213150,6,35525.0,Platform,3DS,Nintendo
191,Hidden Agenda ,137445,5,105507.0,Adventure,PS4,Sony Interactive Entertainment
192,Hitman ,488748,28,64391.5,Action,PS4,Square Enix
193,Hitman ,102868,2,46037.0,Action,XOne,Square Enix
194,Hitman 2 ,139674,1,139674.0,Action-Adventure,PS4,Warner Bros. Interactive Entertainment
195,Hitman 2 ,56669,1,56669.0,Action-Adventure,XOne,Warner Bros. Interactive Entertainment
196,Hokuto ga Gotoku ,229493,31,65752.33333333333,Action,PS4,Sega
197,Horizon: Zero Dawn ,4507665,44,358196.4285714286,Action,PS4,Sony Computer Entertainment
198,Horizon: Zero Dawn ,5302439,83,43241.80357142857,Action,PS4,Sony Interactive Entertainment
199,Hyrule Warriors ,281673,14,40806.333333333336,Action,NS,Nintendo
200,Injustice 2 ,968096,13,74468.92307692308,Fighting,PS4,Warner Bros. Interactive Entertainment
201,Injustice 2 ,436415,10,43641.5,Fighting,XOne,Warner Bros. Interactive Entertainment
202,Jikkyou Powerful Pro Baseball 2018 ,183451,3,61150.333333333336,Sports,PS4,Konami Digital Entertainment
203,Jikkyou Powerful Pro Baseball 2018 ,75261,2,37630.5,Sports,PSV,Konami Digital Entertainment
204,Judgment ,147993,1,147993.0,Action-Adventure,PS4,Sega
205,Jurassic World Evolution ,211424,3,70474.66666666667,Simulation,PS4,Frontier Developments
206,Jurassic World Evolution ,81710,2,40855.0,Simulation,XOne,Frontier Developments
207,Just Cause 4 ,558661,4,149887.66666666666,Action-Adventure,PS4,Square Enix
208,Just Cause 4 ,124481,1,124481.0,Action-Adventure,XOne,Square Enix
209,Just Dance 2019 ,696209,9,101890.5,Music,NS,Ubisoft
210,Kingdom Come: Deliverance ,313435,4,78358.75,Role-Playing,PS4,Deep Silver
211,Kingdom Come: Deliverance ,78022,1,78022.0,Role-Playing,XOne,Deep Silver
212,Kingdom Hearts 1.5 + 2.5 Remix ,1443125,68,35674.85,Role-Playing,PS4,Square Enix
213,Kingdom Hearts HD 2.8 Final Chapter Prologue ,648902,5,129780.4,Role-Playing,PS4,Square Enix
214,Kingdom Hearts: The Story So Far ,64049,1,64049.0,Role-Playing,PS4,Square Enix
215,Kirby ,1581847,28,61447.88,Platform,NS,Nintendo
216,Knack 2 ,71830,1,71830.0,Platform,PS4,Sony Interactive Entertainment
217,L.A. Noire ,54905,1,54905.0,Adventure,NS,Take-Two Interactive
218,L.A. Noire ,102410,1,102410.0,Adventure,PS4,Take-Two Interactive
219,LEGO City Undercover ,142594,13,22863.0,Platform,NS,Warner Bros. Interactive Entertainment
220,LEGO City Undercover ,23980,1,23980.0,Platform,PS4,Warner Bros. Interactive Entertainment
221,LEGO DC Super-Villains ,53340,1,53340.0,Action-Adventure,NS,Warner Bros. Interactive Entertainment
222,LEGO DC Super-Villains ,185265,4,46316.25,Action-Adventure,PS4,Warner Bros. Interactive Entertainment
223,LEGO DC Super-Villains ,52216,1,52216.0,Action-Adventure,XOne,Warner Bros. Interactive Entertainment
224,LEGO Harry Potter Collection ,44501,1,44501.0,Action,NS,Warner Bros. Interactive Entertainment
225,LEGO Marvel Super Heroes 2 ,102334,1,102334.0,Action,PS4,Warner Bros. Interactive Entertainment
226,LEGO Marvel Super Heroes 2 ,56440,1,56440.0,Action,XOne,Warner Bros. Interactive Entertainment
227,LEGO The Incredibles ,154367,10,19336.0,Action,NS,Warner Bros. Interactive Entertainment
228,LEGO The Incredibles ,184592,10,23946.428571428572,Action,PS4,Warner Bros. Interactive Entertainment
229,LEGO The Incredibles ,18710,1,18710.0,Action,XOne,Warner Bros. Interactive Entertainment
230,LEGO Worlds ,23598,1,23598.0,Misc,NS,Warner Bros. Interactive Entertainment
231,LEGO Worlds ,380020,10,38002.0,Misc,PS4,Warner Bros. Interactive Entertainment
232,LEGO Worlds ,92379,2,46189.5,Misc,XOne,Warner Bros. Interactive Entertainment
233,Layton's Mystery Journey: Katrielle and the Millionaire's Conspiracy ,195972,16,39805.0,Puzzle,3DS,Level 5
234,Life Is Strange: Before the Storm ,28212,1,28212.0,Adventure,PS4,Square Enix
235,Little Dragon Cafe ,16994,1,16994.0,Simulation,NS,Aksys Games
236,Little Nightmares ,99173,2,49586.5,Platform,PS4,Namco Bandai Games
237,Little Nightmares ,20242,1,20242.0,Platform,XOne,Namco Bandai Games
238,Luigi's Mansion ,194829,5,42847.25,Adventure,3DS,Nintendo
239,MLB The Show 17 ,721511,2,360755.5,Sports,PS4,Sony Computer Entertainment
240,MLB The Show 17 ,860351,15,18184.25,Sports,PS4,Sony Interactive Entertainment
241,MLB The Show 18 ,628312,5,125662.4,Sports,PS4,Sony Interactive Entertainment
242,MX vs ATV All Out ,27203,1,27203.0,Racing,PS4,THQ Nordic
243,MXGP 3: The Official Motocross Videogame ,54753,4,20676.5,Racing,PS4,Milestone
244,Madden NFL 17 ,2965948,28,34146.375,Sports,PS4,Electronic Arts
245,Madden NFL 17 ,2180537,26,24180.0,Sports,XOne,Electronic Arts
246,Madden NFL 18 ,2404666,26,97273.30434782608,Sports,PS4,Electronic Arts
247,Madden NFL 18 ,1649230,19,100325.71428571429,Sports,XOne,Electronic Arts
248,Madden NFL 19 ,2214368,21,116437.0,Sports,PS4,Electronic Arts
249,Madden NFL 19 ,1069812,14,85065.75,Sports,XOne,Electronic Arts
250,Mafia III ,2289297,17,16009.0,Action-Adventure,PS4,Take-Two Interactive
251,Mario & Luigi Superstar Saga + Bowser's Minions ,114765,2,57382.5,Role-Playing,3DS,Nintendo
252,Mario + Rabbids Kingdom Battle ,2096254,46,48905.142857142855,Strategy,NS,Ubisoft
253,Mario Kart ,15131403,363,21887.5,Racing,3DS,Nintendo
254,Mario Kart 8 Deluxe ,13046117,88,149305.49425287356,Racing,NS,Nintendo
255,Mario Party: The Top 100 ,358446,11,46543.25,Misc,3DS,Nintendo
256,Mario Sports Superstars ,152184,5,44569.333333333336,Sports,3DS,Nintendo
257,Mario Tennis Aces ,1512344,21,83598.88235294117,Sports,NS,Nintendo
258,Marvel vs. Capcom: Infinite ,172438,2,86219.0,Fighting,PS4,Capcom
259,Marvel vs. Capcom: Infinite ,42894,1,42894.0,Fighting,XOne,Capcom
260,Mass Effect: Andromeda ,60805,1,60805.0,Role-Playing,PC,Electronic Arts
261,Mass Effect: Andromeda ,1081002,16,123529.75,Role-Playing,PS4,Electronic Arts
262,Mass Effect: Andromeda ,477979,4,119494.75,Role-Playing,XOne,Electronic Arts
263,Mega Man 11 ,148166,2,74083.0,Platform,NS,Capcom
264,Mega Man 11 ,39096,1,39096.0,Platform,PS4,Capcom
265,Mega Man Legacy Collection 1+2 ,44223,1,44223.0,Platform,NS,Capcom
266,Mega Man Legacy Collection 1+2 ,52911,1,52911.0,Platform,PS4,Capcom Entertainment
267,Mega Man Legacy Collection 2 ,21166,1,21166.0,Action,PS4,Capcom
268,Metal Gear Survive ,112591,2,56295.5,Action,PS4,Konami Digital Entertainment
269,Metal Max Xeno ,16029,1,16029.0,Role-Playing,PS4,Kadokawa Games
270,Metroid: Samus Returns ,273030,3,44151.0,Action-Adventure,3DS,Nintendo
271,Micro Machines: World Series ,60775,2,30387.5,Racing,PS4,Codemasters
272,Middle-Earth: Shadow of War ,20666,1,20666.0,Action,PC,Warner Bros. Interactive Entertainment
273,Middle-Earth: Shadow of War ,1749035,33,161229.75,Action,PS4,Warner Bros. Interactive Entertainment
274,Middle-Earth: Shadow of War ,687977,8,96608.5,Action,XOne,Warner Bros. Interactive Entertainment
275,Miitopia ,458858,39,38235.142857142855,Role-Playing,3DS,Nintendo
276,MineCraft ,4515779,124,16961.666666666668,Misc,PS4,Sony Computer Entertainment America
277,MineCraft ,4479725,122,16249.0,Misc,PS4,Sony Computer Entertainment Europe
278,MineCraft ,5531195,172,15968.5,Misc,PS4,Sony Computer Entertainment
279,MineCraft ,2231339,113,31846.0,Misc,PSV,Sony Computer Entertainment America
280,MineCraft ,3678826,119,17176.0,Misc,XOne,Microsoft Game Studios
281,MineCraft ,5285325,212,120209.0,Misc,XOne,Microsoft Studios
282,Minecraft ,1888081,28,67431.46428571429,Sandbox,NS,Mojang
283,Momotaro Dentetsu 2017: Tachiagare Nippon!! ,279432,4,35276.0,Party,3DS,Nintendo
284,Monster Energy Supercross - The Official Videogame ,37371,1,37371.0,Racing,PS4,Milestone S.r.l.
285,Monster Energy Supercross - The Official Videogame ,26816,1,26816.0,Racing,XOne,Milestone S.r.l.
286,Monster Hunter Double Cross ,1519035,9,168781.66666666666,Action,3DS,Capcom
287,Monster Hunter Double Cross ,422829,56,57650.6,Action,NS,Capcom
288,Monster Hunter Stories ,438574,51,33615.0,Role-Playing,3DS,Capcom
289,Monster Hunter: World ,4304815,30,190826.45454545456,Action,PS4,Capcom
290,Monster Hunter: World ,585903,6,97650.5,Action,XOne,Capcom
291,MotoGP 17 ,14190,1,14190.0,Racing,PS4,Koch Media
292,Musou Stars ,41338,1,41338.0,Action,PS4,Tecmo Koei
293,My Hero One's Justice ,116421,10,45808.0,Fighting,NS,Bandai Namco Entertainment
294,My Hero One's Justice ,144708,11,42911.333333333336,Fighting,PS4,Bandai Namco Entertainment
295,My Hero One's Justice ,45044,1,45044.0,Fighting,XOne,Bandai Namco Entertainment
296,NBA 2K17 ,3348797,46,27384.869565217392,Sports,PS4,Take-Two Interactive
297,NBA 2K17 ,1814986,32,26272.454545454544,Sports,XOne,Take-Two Interactive
298,NBA 2K18 ,3184629,40,100365.13793103448,Sports,PS4,Take-Two Interactive
299,NBA 2K18 ,1672915,17,118733.15384615384,Sports,XOne,Take-Two Interactive
300,NBA 2K19 ,35988,1,35988.0,Sports,NS,Take-Two Interactive
301,NBA 2K19 ,2627728,16,164233.0,Sports,PS4,Take-Two Interactive
302,NBA 2K19 ,1737777,16,112659.71428571429,Sports,XOne,Take-Two Interactive
303,NBA Live 19 ,19162,1,19162.0,Sports,PS4,Electronic Arts
304,NHL 18 ,143175,2,27519.0,Sports,PS4,Electronic Arts
305,NHL 19 ,125569,2,62784.5,Sports,PS4,Electronic Arts
306,NHL 19 ,63169,1,63169.0,Sports,XOne,Electronic Arts
307,Naruto Shippuden: Ultimate Ninja Storm Legacy ,36482,5,27037.0,Fighting,PS4,Namco Bandai Games
308,Naruto to Boruto: Shinobi Striker ,106094,2,53047.0,Action,PS4,Namco Bandai Games
309,Naruto to Boruto: Shinobi Striker ,44566,1,44566.0,Action,XOne,Namco Bandai Games
310,Need for Speed: Payback ,1709886,22,90601.05555555556,Racing,PS4,Electronic Arts
311,Need for Speed: Payback ,106066,1,106066.0,Racing,XOne,Electronic Arts
312,New Danganronpa V3: Minna no Koroshiai Shin Gakki ,41901,1,41901.0,Adventure,PS4,Screenlife
313,New Danganronpa V3: Minna no Koroshiai Shin Gakki ,97014,2,48507.0,Adventure,PSV,Screenlife
314,New Gundam Breaker ,75890,1,75890.0,Action,PS4,Namco Bandai Games
315,Ni no Kuni II: Revenant Kingdom ,466183,7,75614.0,Role-Playing,PS4,Namco Bandai Games
316,Ni-Oh ,704877,19,86715.57142857143,Action,PS4,Tecmo Koei
317,NieR Automata ,895375,27,43746.88888888889,Role-Playing,PS4,Square Enix
318,Nights of Azure 2 ,19182,1,19182.0,Action,PS4,Tecmo Koei
319,Nintendo Labo: Toy-Con 01 Variety Kit ,500457,7,71493.85714285714,Misc,NS,Nintendo
320,Nintendo Labo: Toy-Con 02 Robot Kit ,144568,4,36142.0,Action,NS,Nintendo
321,Nintendo Labo: Toy-Con 03 Vehicle Kit ,27516,1,27516.0,Racing,NS,Nintendo
322,No Man's Sky ,29879,1,29559.0,Action-Adventure,XOne,505 Games
323,Okami ,121459,1,121459.0,Action,PS4,Capcom
324,Outlast Trinity ,31967,1,31967.0,Action,PS4,Warner Bros. Interactive Entertainment
325,Overcooked! 2 ,25669,1,25669.0,Simulation,NS,Sold Out
326,Overcooked! 2 ,21063,1,21063.0,Simulation,PS4,Sold Out
327,Overwatch ,4199141,106,24196.032258064515,Shooter,PS4,Activision
328,Overwatch ,2463775,106,18127.76923076923,Shooter,XOne,Activision
329,Payday 2 ,34575,2,26467.0,Shooter,NS,505 Games
330,Persona 5 ,169971,30,38574.0,Role-Playing,PS3,Atlus
331,Persona 5 ,968292,39,67320.25,Role-Playing,PS4,Deep Silver
332,Persona Dancing: All-Star Triple Pack ,27909,1,27909.0,Music,PS4,Atlus
333,PlayStation VR Worlds ,387702,15,22718.0,Misc,PS4,Sony Computer Entertainment
334,PlayStation VR Worlds ,1798050,111,75595.8,Misc,PS4,Sony Interactive Entertainment
335,PlayerUnknown's Battlegrounds ,130145,1,130145.0,Shooter,PS4,Sony Interactive Entertainment
336,PlayerUnknown's Battlegrounds ,932099,3,88231.0,Shooter,XOne,Microsoft Game Studios
337,PlayerUnknown's Battlegrounds ,1849297,41,50837.393939393936,Shooter,XOne,Microsoft Studios
338,Pokemon Crystal Version ,22071,1,22071.0,Role-Playing,3DS,Nintendo
339,Pokemon Gold/Pokemon Silver ,124851,3,41617.0,Role-Playing,3DS,Nintendo
340,Pokemon Omega Ruby/Pokemon Alpha Sapphire ,12351661,138,12603.0,Role-Playing,3DS,Nintendo
341,Pokemon Sun/Moon ,14560595,45,67341.05405405405,Role-Playing,3DS,Nintendo
342,Pokemon: Let's Go Eevee!,2728386,7,389769.4285714286,Role-Playing,NS,Nintendo
343,Pokemon: Let's Go Pikachu!,4566580,7,652368.5714285715,Role-Playing,NS,Nintendo
344,Pokemon: Ultra Sun and Ultra Moon ,6694058,46,145523.0,Role-Playing,3DS,Nintendo
345,Pokken Tournament ,1206128,20,73582.41666666667,Fighting,NS,Nintendo
346,Prey ,937772,54,41062.5,Shooter,PS4,Bethesda Softworks
347,Prey ,95632,3,31877.333333333332,Shooter,XOne,Bethesda Softworks
348,Pro Baseball Famista Climax ,45089,1,45089.0,Sports,3DS,Namco Bandai Games
349,Pro Evolution Soccer 2018 ,364038,5,42748.75,Sports,PS4,Konami Digital Entertainment
350,Pro Evolution Soccer 2019 ,244484,3,81494.66666666667,Sports,PS4,Konami Digital Entertainment
351,Pro Yakyuu Famista Evolution ,40659,1,40659.0,Sports,NS,Namco Bandai Games
352,Project CARS 2 ,165153,3,55051.0,Racing,PS4,Namco Bandai Games
353,Project Octopath Traveler ,660392,8,82549.0,Role-Playing,NS,Nintendo
354,Puyo Puyo Tetris ,94882,10,31835.5,Puzzle,NS,Sega
355,Radiant Historia: Perfect Chronology ,95731,34,29174.5,Role-Playing,3DS,Deep Silver
356,Rayman Legends ,56798,2,19369.0,Platform,NS,Ubisoft
357,Red Dead Redemption 2 ,13940203,10,1394020.3,Action-Adventure,PS4,Take-Two Interactive
358,Red Dead Redemption 2 ,5771147,10,577114.7,Action-Adventure,XOne,Take-Two Interactive
359,Resident Evil VII: Biohazard ,27537,1,27537.0,Action,PC,Capcom
360,Resident Evil VII: Biohazard ,2866103,74,114219.94117647059,Action,PS4,Capcom
361,Resident Evil VII: Biohazard ,386914,4,96728.5,Action,XOne,Capcom
362,Resident Evil: Revelations ,27844,1,27844.0,Action,PS4,Capcom
363,Rick & Morty Virtual Rick-Ality ,37850,1,37850.0,Simulation,PS4,Nighthawk Interactive
364,Rime ,19109,1,19109.0,Adventure,PS4,Grey Box
365,Rocket League ,822396,33,16320.0,Sports,PS4,505 Games
366,Sea of Thieves ,590374,18,66440.14285714286,Action-Adventure,XOne,Microsoft Studios
367,Secret of Mana ,149875,2,74937.5,Role-Playing,PS4,Square Enix
368,Sega Genesis Classics ,84209,2,42104.5,Misc,PS4,Sega
369,Seiken Densetsu Collection ,30507,1,30507.0,Role-Playing,NS,Square Enix
370,Senran Kagura Burst Re:Newal ,25091,1,25091.0,Action,PS4,Marvelous
371,Senran Kagura: Peach Beach Splash ,49217,1,49217.0,Action,PS4,PQube
372,Shadow of the Colossus ,863828,19,61373.769230769234,Action-Adventure,PS4,Sony Interactive Entertainment
373,Shadow of the Tomb Raider ,1457905,12,128875.27272727272,Action-Adventure,PS4,Square Enix
374,Shadow of the Tomb Raider ,439041,5,87808.2,Action-Adventure,XOne,Square Enix
375,Shantae: Half-Genie Hero ,34948,3,29246.0,Platform,NS,Xseed Games
376,Shenmue I & II ,87676,1,87676.0,Action-Adventure,PS4,Sega
377,Shenmue I & II ,20295,1,20295.0,Action-Adventure,XOne,Sega
378,Shin Megami Tensei: Strange Journey Redux ,119936,30,42196.5,Role-Playing,3DS,Atlus
379,Shining Resonance Refrain ,37534,1,37534.0,Role-Playing,NS,Sega
380,Sniper Elite 4 ,230400,3,76800.0,Shooter,PS4,Rebellion Developments
381,Sniper Elite 4 ,91918,2,45959.0,Shooter,XOne,Rebellion Developments
382,Sniper: Ghost Warrior 3 ,103226,2,51613.0,Shooter,PS4,City Interactive
383,Sniper: Ghost Warrior 3 ,45810,1,45810.0,Shooter,XOne,City Interactive
384,Sonic Forces ,117083,1,117083.0,Platform,NS,Sega
385,Sonic Forces ,87659,1,87659.0,Platform,PS4,Sega
386,Sonic Mania ,87073,49,58961.0,Platform,NS,Sega
387,Sonic Mania ,66880,49,33814.0,Platform,PS4,Sega
388,SoulCalibur VI ,517903,4,129475.75,Fighting,PS4,Namco Bandai Games
389,SoulCalibur VI ,149215,2,74607.5,Fighting,XOne,Namco Bandai Games
390,South Park: The Fractured But Whole ,24599,1,24599.0,Role-Playing,NS,Ubisoft
391,South Park: The Fractured But Whole ,30669,1,30669.0,Role-Playing,PC,Ubisoft
392,South Park: The Fractured But Whole ,623490,4,155872.5,Role-Playing,PS4,Ubisoft
393,South Park: The Fractured But Whole ,217326,2,108663.0,Role-Playing,XOne,Ubisoft
394,Spider-Man ,8757859,17,515168.17647058825,Action-Adventure,PS4,Sony Interactive Entertainment
395,Spintires: MudRunner ,52271,1,52271.0,Simulation,PS4,Focus Home Interactive
396,Splatoon 2 ,7037733,76,93366.15277777778,Shooter,NS,Nintendo
397,Spyro Reignited Trilogy ,2172947,7,310421.0,Platform,PS4,Activision
398,Spyro Reignited Trilogy ,191323,1,191323.0,Platform,XOne,Activision
399,Star Trek Bridge Crew VR ,34700,1,34700.0,Action,PS4,Ubisoft
400,Star Wars Battlefront II ,4096930,34,135030.96666666667,Shooter,PS4,Electronic Arts
401,Star Wars Battlefront II ,1535659,9,170628.77777777778,Shooter,XOne,Electronic Arts
402,Stardew Valley ,18660,1,18660.0,Simulation,PS4,505 Games
403,Starlink: Battle for Atlas ,69322,1,69322.0,Action-Adventure,NS,Ubisoft
404,State of Decay 2 ,279295,4,69823.75,Action-Adventure,XOne,Microsoft Studios
405,Steep ,591887,7,23897.5,Sports,PS4,Ubisoft
406,Story of Seasons: Good Friends of the Three Villages ,283774,37,67645.0,Simulation,3DS,Marvelous Interactive
407,Strange Brigade ,25072,1,25072.0,Shooter,PS4,Rebellion Developments
408,Street Fighter 30th Anniversary Collection ,49247,1,49247.0,Fighting,NS,Capcom
409,Street Fighter 30th Anniversary Collection ,71575,1,71575.0,Fighting,PS4,Capcom
410,Street Fighter V ,1161957,101,25042.0,Fighting,PS4,Capcom
411,Styx: Shards of Darknes ,28158,1,28158.0,Action,PS4,Focus Home Interactive
412,Sumikko Gurashi: Koko,17396,1,17396.0,Dokonan Desu? (3DS)Nippon Columbia,Sumikko Gurashi: Koko,Sumikko Gurashi: Koko
413,Super Bomberman R ,259762,6,48205.8,Puzzle,NS,Konami Digital Entertainment
414,Super Mario Maker ,2421078,32,38600.333333333336,Platform,3DS,Nintendo
415,Super Mario Odyssey ,11714226,62,188939.12903225806,Platform,NS,Nintendo
416,Super Mario Party ,4972711,13,382516.23076923075,Party,NS,Nintendo
417,Super Robot Wars V ,95653,1,95653.0,Role-Playing,PS4,Namco Bandai Games
418,Super Robot Wars V ,82369,1,82369.0,Role-Playing,PSV,Namco Bandai Games
419,Super Robot Wars X ,88145,1,88145.0,Strategy,PS4,Namco Bandai Games
420,Super Robot Wars X ,53948,1,53948.0,Strategy,PSV,Namco Bandai Games
421,Super Smash Bros. ,8951009,4,2237752.25,Fighting,NS,Nintendo
422,Sushi Striker: The Way of Sushido ,18552,1,18552.0,Puzzle,NS,Nintendo
423,Sword Art Online: Fatal Bullet ,154942,3,70574.5,Role-Playing,PS4,Namco Bandai Games
424,TT Isle of Man: Ride on the Edge ,37983,1,37983.0,Racing,PS4,Big Ben Interactive
425,Taiko no Tatsujin: Drum 'n' Fun! ,165667,5,33133.4,Music,NS,Namco Bandai Games
426,Tales of Berseria ,399889,25,79109.5,Role-Playing,PS4,Namco Bandai Games
427,Tekken 7 ,818002,9,90889.11111111111,Fighting,PS4,Namco Bandai Games
428,Tekken 7 ,142704,3,47568.0,Fighting,XOne,Namco Bandai Games
429,The Alliance Alive ,28178,1,28178.0,Role-Playing,3DS,Atlus
430,The Binding of Isaac ,23209,1,23209.0,Action,NS,Nicalis
431,The Crew 2 ,485110,9,53901.11111111111,Racing,PS4,Ubisoft
432,The Crew 2 ,104319,2,52159.5,Racing,XOne,Ubisoft
433,The Elder Scrolls Online: Morrowind ,38514,1,38514.0,MMO,PS4,Bethesda Softworks
434,The Elder Scrolls Online: Morrowind ,21643,1,21643.0,MMO,XOne,Bethesda Softworks
435,The Elder Scrolls V: Skyrim ,657539,12,91773.5,Role-Playing,NS,Bethesda Softworks
436,The Elder Scrolls V: Skyrim ,2384573,29,24124.5,Role-Playing,PS4,Bethesda Softworks
437,The Elder Scrolls V: Skyrim ,1317294,11,31313.0,Role-Playing,XOne,Bethesda Softworks
438,The Elder Scrolls V: Skyrim PSVR ,271722,2,135861.0,Role-Playing,PS4,Bethesda Softworks
439,The Evil Within II ,713747,15,79881.5,Action,PS4,Bethesda Softworks
440,The Evil Within II ,47436,1,47436.0,Action,XOne,Bethesda Softworks
441,The Inpatient ,44768,1,44768.0,Action,PS4,Sony Interactive Entertainment
442,The Last Guardian ,953304,6,22613.0,Action-Adventure,PS4,Sony Computer Entertainment
443,The Legend of Heroes: Trails of Cold Steel III ,92129,1,92129.0,Role-Playing,PS4,Nihon Falcom Corporation
444,The Legend of Heroes: Trails of Cold Steel IV ,95709,1,95709.0,Role-Playing,PS4,Falcom
445,The Legend of Zelda: Breath of the Wild ,9460827,96,99084.30526315789,Action-Adventure,NS,Nintendo
446,The Legend of Zelda: Breath of the Wild ,974835,11,95893.0,Action-Adventure,WiiU,Nintendo
447,The Lego Ninjago Movie Videogame ,36304,3,27979.0,Action,PS4,Warner Bros. Interactive Entertainment
448,The Sims 4 ,827043,12,82052.42857142857,Simulation,PS4,Electronic Arts
449,The Sims 4 ,76515,1,76515.0,Simulation,XOne,Electronic Arts
450,The Snack World: TreJarers ,137890,3,45963.333333333336,Role-Playing,3DS,Level 5
451,The Snack World: Trejarers Gold ,36550,1,36550.0,Role-Playing,NS,Level 5
452,The Surge ,34395,1,34395.0,Action,PS4,Koch Media
453,The Walking Dead - The Telltale Series: A New Frontier ,79290,1,79290.0,Adventure,PS4,Warner Bros. Interactive Entertainment
454,The Walking Dead - The Telltale Series: A New Frontier ,52477,1,52477.0,Adventure,XOne,Warner Bros. Interactive Entertainment
455,The Witcher 3: Wild Hunt ,4436993,112,12541.0,Role-Playing,PS4,Namco Bandai Games
456,The World Ends with You: Final Remix ,75834,3,58968.0,Role-Playing,NS,Nintendo
457,Tom Clancy's Ghost Recon Wildlands ,2440716,27,90396.88888888889,Shooter,PS4,Ubisoft
458,Tom Clancy's Ghost Recon Wildlands ,1048566,12,87380.5,Shooter,XOne,Ubisoft
459,Tom Clancy's Rainbow Six: Siege ,3951178,134,19852.35,Shooter,PS4,Ubisoft
460,Tom Clancy's The Division ,4063359,44,31230.0,Misc,PS4,Ubisoft
461,Train Sim World ,23673,1,23673.0,Simulation,PS4,Maximum Games
462,Ultimate Marvel vs. Capcom 3 ,81588,1,81588.0,Fighting,PS4,Capcom
463,Ultimate Marvel vs. Capcom 3 ,40354,1,40354.0,Fighting,XOne,Capcom
464,Ultra Street Fighter II: The Final Challengers ,183558,4,45889.5,Fighting,NS,Capcom
465,Uncharted ,8933982,48,45374.357142857145,Action,PS4,Sony Computer Entertainment
466,Uncharted ,9477843,70,24720.954545454544,Action,PS4,Sony Interactive Entertainment
467,Uncharted: The Lost Legacy ,1600959,15,120854.25,Action,PS4,Sony Interactive Entertainment
468,Uncharted: The Nathan Drake Collection ,4850381,66,28490.0,Action,PS4,Sony Computer Entertainment
469,Until Dawn: Rush of Blood ,481830,18,16247.0,Adventure,PS4,Sony Computer Entertainment
470,Until Dawn: Rush of Blood ,503803,19,21973.0,Shooter,PS4,Sony Computer Entertainment
471,Uta no Prince-Sama: Repeat Love ,27941,1,27941.0,Adventure,PSV,Broccoli
472,Utawarerumono: Chiriyukusha e no Komoriuta ,19593,1,19593.0,Role-Playing,PS4,Aqua Plus
473,Valkyria Chronicles 4 ,60633,1,60633.0,Strategy,NS,Sega
474,Valkyria Chronicles 4 ,126011,1,51198.5,Role-Playing,PS4,Sega
475,Valkyria: Azure Revolution ,87585,24,24668.0,Role-Playing,PS4,Deep Silver
476,Valkyria: Azure Revolution ,40012,1,40012.0,Role-Playing,PS4,Sega
477,Valkyria: Azure Revolution ,20199,1,20199.0,Role-Playing,PSV,Sega
478,Vampyr ,152092,3,50697.333333333336,Role-Playing,PS4,Focus Home Interactive
479,Vampyr ,37855,1,37855.0,Role-Playing,XOne,Focus Home Interactive
480,WWE 2K18 ,1124012,26,91971.4,Sports,PS4,Take-Two Interactive
481,WWE 2K18 ,172706,2,86353.0,Sports,XOne,Take-Two Interactive
482,WWE 2K19 ,719217,8,89902.125,Fighting,PS4,Take-Two Interactive
483,WWE 2K19 ,158621,2,79310.5,Fighting,XOne,Take-Two Interactive
484,WarioWare Gold ,120951,4,37908.666666666664,Misc,3DS,Nintendo
485,Warriors  Orochi 4 ,24645,1,24645.0,Action,NS,Tecmo Koei
486,Warriors  Orochi 4 ,102628,1,102628.0,Action,PS4,Tecmo Koei
487,Watch Dogs 2 ,2774779,15,40515.125,Action,PS4,Ubisoft
488,Watch Dogs 2 ,1080191,14,20967.0,Action,XOne,Ubisoft
489,We Happy Few ,35719,1,35719.0,Action-Adventure,PS4,Gearbox Software
490,We Happy Few ,22029,1,22029.0,Action-Adventure,XOne,Gearbox Software
491,Wild Guns Reloaded ,19377,1,19377.0,Shooter,NS,Natsume
492,WipEout Omega Collection ,182100,6,34550.4,Racing,PS4,Sony Interactive Entertainment
493,Wolfenstein II: The New Colossus ,46157,2,23078.5,Shooter,NS,Bethesda Softworks
494,Wolfenstein II: The New Colossus ,683929,6,113988.16666666667,Shooter,PS4,Bethesda Softworks
495,Wolfenstein II: The New Colossus ,126829,2,63414.5,Shooter,XOne,Bethesda Softworks
496,World of Warcraft: Battle for Azeroth ,44782,1,44782.0,MMO,PC,Activision
497,Xenoblade Chronicles 2 ,881622,8,111286.85714285714,Role-Playing,NS,Nintendo
498,Xenoblade Chronicles 2: Torna  Golden Country ,22367,1,22367.0,Role-Playing,NS,Nintendo
499,Yakuza 3 ,25974,1,25974.0,Action-Adventure,PS4,Sega
500,Yakuza 6 ,540284,74,52518.0,Adventure,PS4,Sega
501,Yakuza Kiwami ,239707,85,67913.0,Adventure,PS4,Sega
502,Yakuza Kiwami 2 ,275211,39,104589.5,Action,PS4,Sega
503,Yakuza Zero: The Place of Oath ,317671,100,65492.5,Adventure,PS4,Sega
504,Yo-Kai Watch 3: Sukiyaki ,630266,6,21936.5,Role-Playing,3DS,Level 5
505,Yo-kai Watch Busters 2: Legend of the Secret Treasure Banbarayar - Sword/Magnum ,445065,4,137031.33333333334,Role-Playing,3DS,Level 5
506,Yokai Watch 2 Ganso/Honke ,3450680,145,40756.5,Role-Playing,3DS,Nintendo
507,Yokai Watch 2 Shinuchi ,2718667,147,29690.0,Role-Playing,3DS,Nintendo
508,Yokai Watch Busters ,2325831,166,22306.0,Role-Playing,3DS,Level 5
509,Yonmegami Online: Cyber Dimension Neptune ,44395,1,44395.0,Role-Playing,PS4,Compile Heart
510,Yooka-Laylee ,57411,1,57411.0,Platform,PS4,Sold Out
511,Yooka-Laylee ,20834,1,20834.0,Platform,XOne,Sold Out
512,Yoshi's Woolly World ,239343,6,40157.166666666664,Platform,3DS,Nintendo
513,Ys VIII: Lacrimosa of Dana ,23530,1,23530.0,Role-Playing,NS,Nippon Ichi Software
514,Ys VIII: Lacrimosa of Dana ,26732,1,26732.0,Role-Playing,PS4,Nippon Ichi Software
515,Zanki Zero: Last Beginning ,15528,1,15528.0,Role-Playing,PS4,Spike Chunsoft
516,Zone of the Enders: The 2nd Runner Mâˆ€RS ,33273,1,33273.0,Simulation,PS4,Konami Digital Entertainment
